{"dL_min": [3.71581493324476, 6.31349816433775, 11.9042421877744, 4.36527175074285, 6.92076666159917, 0.353242734724862, 4.1401375419147, 8.50738161814848, 5.29371159783983, 2.60411296875212, 6.58319589071309, 7.85127572975285, 21.4491571702254, 10.2613177966315, 2.22877645804313, 44.8166894282642], "sl": [510472.187849914, 622953.981204205, 594249.37717615, 912046.352143112, 711962.662739128, 48547.3455149455, 136485.929461989, 949497.215745405, 1942946.83612118, 15466732.9886437, 930448.259325421, 6878663.76928507, 10708983.0424253, 9692049.86181655, 9627258.58664402, 17495530.7176798], "z0": [[-460.353173112764, -282.527296591845], [-504.288826835257, -987.830360659646], [-558.428163489973, -104.214177089002], [200.241929974266, 737.66376581792], [-1085.25900563827, -2614.96454280225], [-1012.8280702258, -869.88415165662], [-2912.5733342385, -1058.41840893189], [-3127.85611543119, -1337.1752362143], [-296.975462949434, -186.835491290942], [80.4303126872756, 1.37322460773587], [226.301035085697, -12.239140238206], [43.6640005994306, -146.642657513529], [-124.076382352167, -1456.10543259408], [296.447961073737, 1734.31166469702], [1864.30699656609, -917.973048211557], [-363.963934731487, 1308.99443857416]]}